{
/*
	// Place your snippets for C here. Each snippet is defined under a snippet name and has a prefix, body and 
	// description. The prefix is what is used to trigger the snippet and the body will be expanded and inserted. Possible variables are:
	// $1, $2 for tab stops, $0 for the final cursor position, and ${1:label}, ${2:another} for placeholders. Placeholders with the 
	// same ids are connected.
	// Example:
	"Print to console": {
		"prefix": "log",
		"body": [
			"console.log('$1');",
			"$2"
		],
		"description": "Log output to console"
	}
*/
	"Sizeof":{
		"prefix": "sizeof",
		"body": "sizeof($1)",
		"description": "Define the size of a specific type"
	},

	"Calloc":{
		"prefix": "calloc",
		"body": "calloc(sizeof($1),$2);",
		"description": "Allocate a block of memory"
	},

	"For": {
		"prefix": "for",
		"body": [
			"for(${1:size_t} ${2:i} = 0; ${2:i} < ${3:tamanho}; ${2:i}++){",
			"    $0",
			"}"
		]
	},

	"Return":{
		"prefix": "return",
		"body": "return ${1:retorno};$0"
	}
}